-- --------------------------------------------------------
-- Host:                         127.0.0.1
-- Server version:               10.1.25-MariaDB - mariadb.org binary distribution
-- Server OS:                    Win32
-- HeidiSQL Version:             9.4.0.5125
-- --------------------------------------------------------

/*!40101 SET @OLD_CHARACTER_SET_CLIENT=@@CHARACTER_SET_CLIENT */;
/*!40101 SET NAMES utf8 */;
/*!50503 SET NAMES utf8mb4 */;
/*!40014 SET @OLD_FOREIGN_KEY_CHECKS=@@FOREIGN_KEY_CHECKS, FOREIGN_KEY_CHECKS=0 */;
/*!40101 SET @OLD_SQL_MODE=@@SQL_MODE, SQL_MODE='NO_AUTO_VALUE_ON_ZERO' */;


-- Dumping database structure for clinica_ep
CREATE DATABASE IF NOT EXISTS `clinica_ep` /*!40100 DEFAULT CHARACTER SET utf8 */;
USE `clinica_ep`;

-- Dumping structure for table clinica_ep.cliente
CREATE TABLE IF NOT EXISTS `cliente` (
  `cod_cliente` int(11) NOT NULL AUTO_INCREMENT,
  `nome_cliente` varchar(50) NOT NULL,
  `telefone_cliente` varchar(50) NOT NULL,
  PRIMARY KEY (`cod_cliente`)
) ENGINE=InnoDB AUTO_INCREMENT=18 DEFAULT CHARSET=utf8;

-- Dumping data for table clinica_ep.cliente: ~6 rows (approximately)
/*!40000 ALTER TABLE `cliente` DISABLE KEYS */;
INSERT INTO `cliente` (`cod_cliente`, `nome_cliente`, `telefone_cliente`) VALUES
	(10, 'Matheus Pinheiro', '11987973968'),
	(12, 'Nicolas Rodrigues', '11321654789'),
	(13, 'Marcos Fontes', '1234567899_'),
	(14, 'Eliseia Santos Prada', '11654567898'),
	(15, 'Maria Vitoria dos Anjos', '11987973968'),
	(17, 'Erica Damato', '11964452822');
/*!40000 ALTER TABLE `cliente` ENABLE KEYS */;

-- Dumping structure for table clinica_ep.consulta
CREATE TABLE IF NOT EXISTS `consulta` (
  `cod_consulta` int(11) NOT NULL AUTO_INCREMENT,
  `cod_funcionario` int(11) NOT NULL,
  `cod_diagnostico` int(11) DEFAULT NULL,
  `cod_cliente` int(11) NOT NULL,
  `tipo_consulta` int(11) NOT NULL DEFAULT '1',
  `data_consulta` datetime NOT NULL,
  `status_consulta` tinyint(4) NOT NULL DEFAULT '0',
  PRIMARY KEY (`cod_consulta`),
  KEY `FK_consulta_cliente` (`cod_cliente`),
  KEY `FK_consulta_medico` (`cod_funcionario`),
  KEY `FK_consulta_especialidade` (`tipo_consulta`),
  KEY `FK_consulta_diagnostico` (`cod_diagnostico`),
  CONSTRAINT `FK_consulta_cliente` FOREIGN KEY (`cod_cliente`) REFERENCES `cliente` (`cod_cliente`),
  CONSTRAINT `FK_consulta_diagnostico` FOREIGN KEY (`cod_diagnostico`) REFERENCES `diagnostico` (`cod_diagnostico`),
  CONSTRAINT `FK_consulta_especialidade` FOREIGN KEY (`tipo_consulta`) REFERENCES `especialidade` (`cod_especialidade`),
  CONSTRAINT `FK_consulta_medico` FOREIGN KEY (`cod_funcionario`) REFERENCES `medico` (`cod_funcionario`)
) ENGINE=InnoDB AUTO_INCREMENT=16 DEFAULT CHARSET=utf8;

-- Dumping data for table clinica_ep.consulta: ~11 rows (approximately)
/*!40000 ALTER TABLE `consulta` DISABLE KEYS */;
INSERT INTO `consulta` (`cod_consulta`, `cod_funcionario`, `cod_diagnostico`, `cod_cliente`, `tipo_consulta`, `data_consulta`, `status_consulta`) VALUES
	(5, 23, 14, 10, 1, '2018-12-07 09:00:00', 1),
	(6, 21, 1, 10, 4, '2018-12-08 11:00:00', 1),
	(7, 22, 10, 12, 4, '2018-12-10 17:00:00', 1),
	(8, 22, 11, 13, 5, '2018-12-07 16:00:00', 1),
	(9, 23, 17, 10, 1, '2019-01-06 19:00:00', 1),
	(10, 27, NULL, 14, 20, '2018-12-21 17:00:00', 0),
	(11, 26, 15, 14, 2, '2018-12-09 09:00:00', 1),
	(12, 23, 16, 10, 1, '2018-12-08 14:00:00', 1),
	(13, 29, NULL, 13, 1, '2018-12-08 21:00:00', 0),
	(14, 29, 18, 10, 1, '2018-12-08 23:00:00', 1),
	(15, 23, 19, 17, 4, '2018-12-09 14:00:00', 1);
/*!40000 ALTER TABLE `consulta` ENABLE KEYS */;

-- Dumping structure for table clinica_ep.diagnostico
CREATE TABLE IF NOT EXISTS `diagnostico` (
  `cod_diagnostico` int(11) NOT NULL AUTO_INCREMENT,
  `descricao_diagnostico` varchar(5000) NOT NULL,
  `tratamento_diagnostico` varchar(5000) NOT NULL,
  `horario_diagnostico` timestamp NOT NULL DEFAULT CURRENT_TIMESTAMP,
  PRIMARY KEY (`cod_diagnostico`)
) ENGINE=InnoDB AUTO_INCREMENT=20 DEFAULT CHARSET=utf8;

-- Dumping data for table clinica_ep.diagnostico: ~9 rows (approximately)
/*!40000 ALTER TABLE `diagnostico` DISABLE KEYS */;
INSERT INTO `diagnostico` (`cod_diagnostico`, `descricao_diagnostico`, `tratamento_diagnostico`, `horario_diagnostico`) VALUES
	(1, 'Lorem ipsum dolor sit amet, consectetur adipiscing elit. Donec a convallis tellus. Maecenas rhoncus eu elit nec sollicitudin. Donec non purus pretium lectus dapibus sagittis luctus sed tortor. Mauris et tortor et metus tempus ornare at in enim. Morbi porttitor tempus tincidunt. Nullam vel rhoncus dolor, at venenatis eros. Praesent ultricies ex nec sem commodo, id convallis risus finibus.', 'Mauris varius luctus eros, in venenatis orci fermentum ut. Suspendisse suscipit consequat dolor, et consectetur felis fermentum a. Nam consectetur, urna nec sodales tincidunt, libero urna dapibus neque, nec egestas magna nibh eu leo. Quisque finibus odio dictum dui placerat auctor. Mauris rutrum augue scelerisque dui sagittis auctor. Vestibulum elementum pretium turpis eu cursus. Sed at justo vel dolor venenatis accumsan eget sed tortor. Cras tincidunt eget enim vitae ornare. Cras vel tincidunt odio. Sed luctus convallis sem vehicula scelerisque. Nullam quis elit nibh. Nam lobortis congue eros. Integer mattis lacus nulla, nec semper neque fringilla at. Pellentesque mollis dolor non augue malesuada volutpat. Curabitur sapien lacus, consectetur ut justo a, efficitur feugiat ligula.', '2018-12-08 21:06:25'),
	(10, 'Donec feugiat ligula vel ante dignissim, placerat euismod augue porttitor. Curabitur ut sapien aliquet, mattis quam ut, finibus purus. Sed a ante eget metus fringilla semper ac id orci. Curabitur vitae dolor vel nulla sollicitudin mollis. Curabitur sed vehicula odio, venenatis auctor est. Cras interdum lacinia lacus. Aliquam tempus, sapien tristique tincidunt pharetra, dolor augue auctor enim, et venenatis est dolor vel purus.', 'Nunc suscipit tortor et est rhoncus, eu mattis mi fringilla. Nullam rhoncus dapibus semper. Phasellus sed mollis libero. Vivamus porttitor lorem dignissim tempus lacinia. Suspendisse tortor mi, congue non mollis quis, semper eget justo. In gravida felis arcu, commodo laoreet nulla faucibus a. Praesent ornare enim augue, pretium tincidunt elit blandit in. Ut eget urna a dui ornare ornare. Integer eleifend erat eu gravida faucibus.', '2018-12-08 21:06:25'),
	(11, 'Nunc suscipit tortor et est rhoncus, eu mattis mi fringilla. Nullam rhoncus dapibus semper. Phasellus sed mollis libero. Vivamus porttitor lorem dignissim tempus lacinia. Suspendisse tortor mi, congue non mollis quis, semper eget justo. In gravida felis arcu, commodo laoreet nulla faucibus a. Praesent ornare enim augue, pretium tincidunt elit blandit in. Ut eget urna a dui ornare ornare. Integer eleifend erat eu gravida faucibus.', 'Donec feugiat ligula vel ante dignissim, placerat euismod augue porttitor. Curabitur ut sapien aliquet, mattis quam ut, finibus purus. Sed a ante eget metus fringilla semper ac id orci. Curabitur vitae dolor vel nulla sollicitudin mollis. Curabitur sed vehicula odio, venenatis auctor est. Cras interdum lacinia lacus. Aliquam tempus, sapien tristique tincidunt pharetra, dolor augue auctor enim, et venenatis est dolor vel purus.', '2018-12-08 21:06:25'),
	(14, 'Venenatis tellus in metus vulputate. Pulvinar mattis nunc sed blandit libero volutpat. Mi proin sed libero enim sed faucibus. A diam maecenas sed enim. Porttitor eget dolor morbi non arcu risus quis varius quam. Purus faucibus ornare suspendisse sed nisi lacus. Blandit volutpat maecenas volutpat blandit aliquam etiam erat velit scelerisque. Pulvinar elementum integer enim neque volutpat ac tincidunt vitae semper. Amet purus gravida quis blandit turpis cursus. Facilisis sed odio morbi quis commodo odio aenean sed. Arcu risus quis varius quam quisque id diam.', 'Condimentum lacinia quis vel eros donec ac odio tempor orci. Viverra tellus in hac habitasse. Mattis ullamcorper velit sed ullamcorper morbi. Id consectetur purus ut faucibus pulvinar elementum integer enim. Ultricies lacus sed turpis tincidunt id aliquet. Duis at consectetur lorem donec massa sapien faucibus. Morbi blandit cursus risus at ultrices mi tempus. Nec dui nunc mattis enim ut tellus elementum. Quam id leo in vitae turpis massa sed. Proin nibh nisl condimentum id venenatis a condimentum vitae sapien. Quam quisque id diam vel quam elementum pulvinar etiam non. Lobortis scelerisque fermentum dui faucibus in. Aenean sed adipiscing diam donec adipiscing tristique. Pellentesque habitant morbi tristique senectus et netus et malesuada fames. Laoreet suspendisse interdum consectetur libero id faucibus nisl tincidunt. Amet consectetur adipiscing elit pellentesque habitant. Dui vivamus arcu felis bibendum ut tristique.', '2018-12-08 21:06:25'),
	(15, 'Lorem ipsum dolor sit amet, consectetur adipiscing elit, sed do eiusmod tempor incididunt ut labore et dolore magna aliqua. Ut enim ad minim veniam, quis nostrud exercitation ullamco laboris nisi ut aliquip ex ea commodo consequat. Duis aute irure dolor in reprehenderit in voluptate velit esse cillum dolore eu fugiat nulla pariatur. Excepteur sint occaecat cupidatat non proident, sunt in culpa qui officia deserunt mollit anim id est laborum.', 'Leo vel fringilla est ullamcorper eget nulla facilisi etiam dignissim. Malesuada proin libero nunc consequat interdum varius sit amet mattis. Non pulvinar neque laoreet suspendisse interdum consectetur libero id. Amet massa vitae tortor condimentum lacinia quis. Massa vitae tortor condimentum lacinia quis. Tincidunt tortor aliquam nulla facilisi cras fermentum odio eu. Id aliquet risus feugiat in ante. Mi proin sed libero enim sed faucibus turpis in. Nec sagittis aliquam malesuada bibendum. Libero enim sed faucibus turpis in eu. Sed felis eget velit aliquet sagittis id. In hac habitasse platea dictumst quisque sagittis purus sit. Adipiscing elit duis tristique sollicitudin nibh sit. Urna molestie at elementum eu facilisis sed. In mollis nunc sed id semper risus in hendrerit gravida.', '2018-12-08 21:06:25'),
	(16, 'Lacinia quis vel eros donec ac odio tempor. Tristique risus nec feugiat in fermentum posuere urna nec. Bibendum est ultricies integer quis auctor elit sed vulputate. Nisl tincidunt eget nullam non nisi. Nunc scelerisque viverra mauris in aliquam sem fringilla ut. Eleifend quam adipiscing vitae proin sagittis nisl rhoncus mattis. Aliquam id diam maecenas ultricies. A diam sollicitudin tempor id eu nisl. Ullamcorper dignissim cras tincidunt lobortis feugiat. Leo vel orci porta non pulvinar neque laoreet suspendisse interdum. Tellus at urna condimentum mattis pellentesque id nibh. Malesuada proin libero nunc consequat interdum varius sit amet. Urna cursus eget nunc scelerisque viverra mauris in aliquam.', 'Venenatis tellus in metus vulputate. Pulvinar mattis nunc sed blandit libero volutpat. Mi proin sed libero enim sed faucibus. A diam maecenas sed enim. Porttitor eget dolor morbi non arcu risus quis varius quam. Purus faucibus ornare suspendisse sed nisi lacus. Blandit volutpat maecenas volutpat blandit aliquam etiam erat velit scelerisque. Pulvinar elementum integer enim neque volutpat ac tincidunt vitae semper. Amet purus gravida quis blandit turpis cursus. Facilisis sed odio morbi quis commodo odio aenean sed. Arcu risus quis varius quam quisque id diam.\r\n\r\nCondimentum lacinia quis vel eros donec ac odio tempor orci. Viverra tellus in hac habitasse. Mattis ullamcorper velit sed ullamcorper morbi. Id consectetur purus ut faucibus pulvinar elementum integer enim. Ultricies lacus sed turpis tincidunt id aliquet. Duis at consectetur lorem donec massa sapien faucibus. Morbi blandit cursus risus at ultrices mi tempus. Nec dui nunc mattis enim ut tellus elementum. Quam id leo in vitae turpis massa sed. Proin nibh nisl condimentum id venenatis a condimentum vitae sapien. Quam quisque id diam vel quam elementum pulvinar etiam non. Lobortis scelerisque fermentum dui faucibus in. Aenean sed adipiscing diam donec adipiscing tristique. Pellentesque habitant morbi tristique senectus et netus et malesuada fames. Laoreet suspendisse interdum consectetur libero id faucibus nisl tincidunt. Amet consectetur adipiscing elit pellentesque habitant. Dui vivamus arcu felis bibendum ut tristique.', '2018-12-08 21:13:07'),
	(17, 'Leo vel fringilla est ullamcorper eget nulla facilisi etiam dignissim. Malesuada proin libero nunc consequat interdum varius sit amet mattis. Non pulvinar neque laoreet suspendisse interdum consectetur libero id. Amet massa vitae tortor condimentum lacinia quis. Massa vitae tortor condimentum lacinia quis. Tincidunt tortor aliquam nulla facilisi cras fermentum odio eu. Id aliquet risus feugiat in ante. Mi proin sed libero enim sed faucibus turpis in. Nec sagittis aliquam malesuada bibendum. Libero enim sed faucibus turpis in eu. Sed felis eget velit aliquet sagittis id. In hac habitasse platea dictumst quisque sagittis purus sit. Adipiscing elit duis tristique sollicitudin nibh sit. Urna molestie at elementum eu facilisis sed. In mollis nunc sed id semper risus in hendrerit gravida.', 'Leo vel fringilla est ullamcorper eget nulla facilisi etiam dignissim. Malesuada proin libero nunc consequat interdum varius sit amet mattis. Non pulvinar neque laoreet suspendisse interdum consectetur libero id. Amet massa vitae tortor condimentum lacinia quis. Massa vitae tortor condimentum lacinia quis. Tincidunt tortor aliquam nulla facilisi cras fermentum odio eu. Id aliquet risus feugiat in ante. Mi proin sed libero enim sed faucibus turpis in. Nec sagittis aliquam malesuada bibendum. Libero enim sed faucibus turpis in eu. Sed felis eget velit aliquet sagittis id. In hac habitasse platea dictumst quisque sagittis purus sit. Adipiscing elit duis tristique sollicitudin nibh sit. Urna molestie at elementum eu facilisis sed. In mollis nunc sed id semper risus in hendrerit gravida.', '2018-12-08 21:25:57'),
	(18, 'Lorem ipsum dolor sit amet, consectetur adipiscing elit. Nunc faucibus viverra nisi ut lobortis. Nullam justo massa, commodo eu posuere id, condimentum et enim. Cras volutpat porttitor dignissim. In ultrices ullamcorper diam. Vivamus sit amet porta ligula. Nulla elementum maximus mi et elementum. Phasellus accumsan nibh eget elementum sollicitudin. In hendrerit porta lorem a consectetur. Cras sollicitudin ac magna non tempor. Pellentesque posuere placerat orci, ut vehicula mauris bibendum et. Aliquam in porta nunc, a volutpat mi.\r\n\r\nCras ac eros in mi vehicula porta. Sed dapibus blandit laoreet. Sed lectus quam, pulvinar suscipit arcu quis, bibendum lobortis ligula. Praesent euismod sit amet turpis nec facilisis. Praesent ut accumsan neque, sed congue felis. Mauris vel pulvinar elit, quis tristique ex. Integer massa metus, porta non urna sed, pellentesque pulvinar erat. Sed molestie, nunc mattis maximus luctus, ante velit vulputate nunc, non pharetra leo nulla eget nunc. Praesent fermentum blandit tellus at pharetra. Curabitur et sollicitudin metus, a lacinia dolor. Nunc faucibus tellus molestie neque facilisis semper.', 'Nullam eleifend ex eu ligula tempus venenatis. Duis tincidunt erat est, at hendrerit augue suscipit sit amet. Etiam quis semper mi, vel auctor massa. Sed vel nunc dolor. Proin sed turpis ante. Duis turpis ante, pharetra sagittis massa ac, sodales lacinia justo. Curabitur lobortis ac nunc sit amet lacinia. Maecenas a tortor ut elit porttitor varius. Nulla iaculis convallis mi eu euismod. Nam nec mauris ligula. Nunc libero augue, luctus a felis in, cursus dignissim sapien. Nunc orci arcu, tempor ac nisl id, tincidunt elementum nibh. Duis quis libero venenatis velit consequat pellentesque.\r\n\r\nDonec feugiat egestas sem, aliquet gravida mauris sollicitudin vel. Nam porta ornare tellus, quis ultrices nisl feugiat et. Nam ex ipsum, lobortis in auctor sit amet, consectetur in orci. Etiam a lorem risus. Proin ultrices velit ut orci luctus malesuada. Nunc hendrerit lobortis pulvinar. Fusce quis facilisis diam, at ultricies mauris. Praesent imperdiet sit amet dolor maximus facilisis. Quisque vitae libero leo. Nulla mattis eleifend massa eu rhoncus.', '2018-12-09 11:20:59'),
	(19, 'Cras ac eros in mi vehicula porta. Sed dapibus blandit laoreet. Sed lectus quam, pulvinar suscipit arcu quis, bibendum lobortis ligula. Praesent euismod sit amet turpis nec facilisis. Praesent ut accumsan neque, sed congue felis. Mauris vel pulvinar elit, quis tristique ex. Integer massa metus, porta non urna sed, pellentesque pulvinar erat. Sed molestie, nunc mattis maximus luctus, ante velit vulputate nunc, non pharetra leo nulla eget nunc. Praesent fermentum blandit tellus at pharetra. Curabitur et sollicitudin metus, a lacinia dolor. Nunc faucibus tellus molestie neque facilisis semper.\r\n\r\nNullam eleifend ex eu ligula tempus venenatis. Duis tincidunt erat est, at hendrerit augue suscipit sit amet. Etiam quis semper mi, vel auctor massa. Sed vel nunc dolor. Proin sed turpis ante. Duis turpis ante, pharetra sagittis massa ac, sodales lacinia justo. Curabitur lobortis ac nunc sit amet lacinia. Maecenas a tortor ut elit porttitor varius. Nulla iaculis convallis mi eu euismod. Nam nec mauris ligula. Nunc libero augue, luctus a felis in, cursus dignissim sapien. Nunc orci arcu, tempor ac nisl id, tincidunt elementum nibh. Duis quis libero venenatis velit consequat pellentesque.', 'Donec feugiat egestas sem, aliquet gravida mauris sollicitudin vel. Nam porta ornare tellus, quis ultrices nisl feugiat et. Nam ex ipsum, lobortis in auctor sit amet, consectetur in orci. Etiam a lorem risus. Proin ultrices velit ut orci luctus malesuada. Nunc hendrerit lobortis pulvinar. Fusce quis facilisis diam, at ultricies mauris. Praesent imperdiet sit amet dolor maximus facilisis. Quisque vitae libero leo. Nulla mattis eleifend massa eu rhoncus.\r\n\r\nSed rhoncus elit dolor, fermentum aliquam enim aliquam imperdiet. Nunc lacinia, diam et porta iaculis, leo quam efficitur leo, ac condimentum tortor neque vel elit. Praesent in dui id nisi scelerisque accumsan non et odio. Etiam mattis nunc eu tincidunt luctus. Aenean vel augue vel elit viverra egestas non at felis. Quisque eleifend hendrerit nisl, id iaculis nulla tincidunt et. Vivamus eget tortor ac elit molestie mollis.', '2018-12-09 12:20:27');
/*!40000 ALTER TABLE `diagnostico` ENABLE KEYS */;

-- Dumping structure for table clinica_ep.diretor
CREATE TABLE IF NOT EXISTS `diretor` (
  `cod_funcionario` int(11) NOT NULL,
  PRIMARY KEY (`cod_funcionario`),
  CONSTRAINT `FK_diretor_funcionario` FOREIGN KEY (`cod_funcionario`) REFERENCES `funcionario` (`cod_funcionario`)
) ENGINE=InnoDB DEFAULT CHARSET=utf8;

-- Dumping data for table clinica_ep.diretor: ~1 rows (approximately)
/*!40000 ALTER TABLE `diretor` DISABLE KEYS */;
INSERT INTO `diretor` (`cod_funcionario`) VALUES
	(2),
	(28);
/*!40000 ALTER TABLE `diretor` ENABLE KEYS */;

-- Dumping structure for table clinica_ep.doenca
CREATE TABLE IF NOT EXISTS `doenca` (
  `cod_doenca` int(11) NOT NULL AUTO_INCREMENT,
  `cod_nacional_doenca` varchar(50) CHARACTER SET latin2 NOT NULL,
  `nome_doenca` varchar(500) COLLATE latin1_general_ci NOT NULL,
  PRIMARY KEY (`cod_doenca`)
) ENGINE=InnoDB AUTO_INCREMENT=910 DEFAULT CHARSET=latin1 COLLATE=latin1_general_ci;

-- Dumping data for table clinica_ep.doenca: ~144 rows (approximately)
/*!40000 ALTER TABLE `doenca` DISABLE KEYS */;
INSERT INTO `doenca` (`cod_doenca`, `cod_nacional_doenca`, `nome_doenca`) VALUES
	(766, 'A001', 'Cólera devida a Vibrio cholerae 01\r'),
	(767, 'A009', 'Cólera não especificada\r'),
	(768, 'A010', 'Febre tifóide\r'),
	(769, 'A011', 'Febre paratifóide A\r'),
	(770, 'A012', 'Febre paratifóide B\r'),
	(771, 'A013', 'Febre paratifóide C\r'),
	(772, 'A014', 'Febre paratifóide não especificada\r'),
	(773, 'A020', 'Enterite por salmonela\r'),
	(774, 'A021', 'Septicemia por salmonela\r'),
	(775, 'A022', 'Infecções localizadas por salmonela\r'),
	(776, 'A028', 'Outras infecções especificadas por salmonela\r'),
	(777, 'A029', 'Infecção não especificada por salmonela\r'),
	(778, 'A030', 'Shiguelose devida a Shigella dysenteriae\r'),
	(779, 'A031', 'Shiguelose devida a Shigella flexneri\r'),
	(780, 'A032', 'Shiguelose devida a Shigella boydii\r'),
	(781, 'A033', 'Shiguelose devida a Shigella sonnei\r'),
	(782, 'A038', 'Outras shigueloses\r'),
	(783, 'A039', 'Shiguelose não especificada\r'),
	(784, 'A040', 'Infecção por Escherichia coli enteropatogênica\r'),
	(785, 'A041', 'Infecção por Escherichia coli enterotoxigênica\r'),
	(786, 'A042', 'Infecção por Escherichia coli enteroinvasiva\r'),
	(787, 'A043', 'Infecção por Escherichia coli enterohemorrágica\r'),
	(788, 'A044', 'Outras infecções intestinais por Escherichia coli\r'),
	(789, 'A045', 'Enterite por Campylobacter\r'),
	(790, 'A046', 'Enterite devida a Yersinia enterocolítica\r'),
	(791, 'A047', 'Enterocolite devida a Clostridium difficile\r'),
	(792, 'A048', 'Outras infecções bacterianas intestinais especificadas\r'),
	(793, 'A049', 'Infecção intestinal bacteriana não especificada\r'),
	(794, 'A050', 'Intoxicação alimentar estafilocócica\r'),
	(795, 'A051', 'Botulismo\r'),
	(796, 'A052', 'Intoxicação alimentar devida a Clostridium perfringens [Clostridium welchii]\r'),
	(797, 'A053', 'Intoxicação alimentar devida a Vibrio parahemolyticus\r'),
	(798, 'A054', 'Intoxicação alimentar devida a Bacillus cereus\r'),
	(799, 'A058', 'Outras intoxicações alimentares bacterianas especificadas\r'),
	(800, 'A059', 'Intoxicação alimentar bacteriana não especificada\r'),
	(801, 'A060', 'Disenteria amebiana aguda\r'),
	(802, 'A061', 'Amebíase intestinal crônica\r'),
	(803, 'A062', 'Colite amebiana não-disentérica\r'),
	(804, 'A063', 'Ameboma intestinal\r'),
	(805, 'A064', 'Abscesso amebiano do fígado\r'),
	(806, 'A065', 'Abscesso amebiano do pulmão\r'),
	(807, 'A066', 'Abscesso amebiano do cérebro\r'),
	(808, 'A067', 'Amebíase cutânea\r'),
	(809, 'A068', 'Infecção amebiana de outras localizações\r'),
	(810, 'A069', 'Amebíase não especificada\r'),
	(811, 'A070', 'Balantidíase\r'),
	(812, 'A071', 'Giardíase [lamblíase]\r'),
	(813, 'A072', 'Criptosporidiose\r'),
	(814, 'A073', 'Isosporíase\r'),
	(815, 'A078', 'Outras doenças intestinais especificadas por protozoários\r'),
	(816, 'A079', 'Doença intestinal não especificada por protozoários\r'),
	(817, 'A080', 'Enterite por rotavírus\r'),
	(818, 'A081', 'Gastroenteropatia aguda pelo agente de Norwalk\r'),
	(819, 'A082', 'Enterite por adenovírus\r'),
	(820, 'A083', 'Outras enterites virais\r'),
	(821, 'A084', 'Infecção intestinal devida a vírus não especificado\r'),
	(822, 'A085', 'Outras infecções intestinais especificadas\r'),
	(823, 'A09', 'Diarréia e gastroenterite de origem infecciosa presumível\r'),
	(824, 'A150', 'Tuberculose pulmonar\r'),
	(825, 'A151', 'Tuberculose pulmonar\r'),
	(826, 'A152', 'Tuberculose pulmonar\r'),
	(827, 'A153', 'Tuberculose pulmonar\r'),
	(828, 'A154', 'Tuberculose dos gânglios intratorácicos\r'),
	(829, 'A155', 'Tuberculose da laringe\r'),
	(830, 'A156', 'Pleuris tuberculoso\r'),
	(831, 'A157', 'Tuberculose primária das vias respiratórias\r'),
	(832, 'A158', 'Outras formas de tuberculose das vias respiratórias\r'),
	(833, 'A159', 'Tuberculose não especificada das vias respiratórias\r'),
	(834, 'A160', 'Tuberculose pulmonar com exames bacteriológico e histológico negativos\r'),
	(835, 'A161', 'Tuberculose pulmonar\r'),
	(836, 'A162', 'Tuberculose pulmonar\r'),
	(837, 'A163', 'Tuberculose dos gânglios intratorácicos\r'),
	(838, 'A164', 'Tuberculose da laringe\r'),
	(839, 'A165', 'Pleurisia tuberculosa\r'),
	(840, 'A167', 'Tuberculosa respiratória primária sem menção de confirmação bacteriológica ou histológica\r'),
	(841, 'A168', 'Outras formas de tuberculose das vias respiratórias\r'),
	(842, 'A169', 'Tuberculose respiratória\r'),
	(843, 'A170', 'Meningite tuberculosa\r'),
	(844, 'A171', 'Tuberculoma meníngeo\r'),
	(845, 'A178', 'Outras tuberculoses do sistema nervoso\r'),
	(846, 'A179', 'Tuberculose não especificada do sistema nervoso\r'),
	(847, 'A180', 'Tuberculose óssea e das articulações\r'),
	(848, 'A181', 'Tuberculose do aparelho geniturinário\r'),
	(849, 'A182', 'Linfadenopatia tuberculosa periférica\r'),
	(850, 'A183', 'Tuberculose do intestino\r'),
	(851, 'A184', 'Tuberculose de pele e do tecido celular subcutâneo\r'),
	(852, 'A185', 'Tuberculose do olho\r'),
	(853, 'A186', 'Tuberculose do ouvido\r'),
	(854, 'A187', 'Tuberculose das supra-renais\r'),
	(855, 'A188', 'Tuberculose de outros órgãos especificados\r'),
	(856, 'A190', 'Tuberculose miliar aguda de localização única e especificada\r'),
	(857, 'A191', 'Tuberculose miliar aguda de múltiplas localizações\r'),
	(858, 'A192', 'Tuberculose miliar aguda não especificada\r'),
	(859, 'A198', 'Outras tuberculoses miliares\r'),
	(860, 'A199', 'Tuberculose miliar não especificada\r'),
	(861, 'A200', 'Peste bubônica\r'),
	(862, 'A201', 'Peste celulocutânea\r'),
	(863, 'A202', 'Peste pneumônica\r'),
	(864, 'A203', 'Peste meníngea\r'),
	(865, 'A207', 'Peste septicêmica\r'),
	(866, 'A208', 'Outras formas de peste\r'),
	(867, 'A209', 'Peste\r'),
	(868, 'A210', 'Tularemia ulceroglandular\r'),
	(869, 'A211', 'Tularemia oculoglandular\r'),
	(870, 'A212', 'Tularemia pulmonar\r'),
	(871, 'A213', 'Tularemia gastrointestinal\r'),
	(872, 'A217', 'Tularemia generalizada\r'),
	(873, 'A218', 'Outras formas de tularemia\r'),
	(874, 'A219', 'Tularemia\r'),
	(875, 'A220', 'Carbúnculo cutâneo\r'),
	(876, 'A221', 'Carbúnculo pulmonar\r'),
	(877, 'A222', 'Carbúnculo gastrointestinal\r'),
	(878, 'A227', 'Septicemia carbunculosa\r'),
	(879, 'A228', 'Outras formas de carbúnculo\r'),
	(880, 'A229', 'Carbúnculo\r'),
	(881, 'A230', 'Brucelose por Brucella melitensis\r'),
	(882, 'A231', 'Brucelose por Brucella abortus\r'),
	(883, 'A232', 'Brucelose por Brucella suis\r'),
	(884, 'A233', 'Brucelose por Brucella canis\r'),
	(885, 'A238', 'Outras bruceloses\r'),
	(886, 'A239', 'Brucelose não especificada\r'),
	(887, 'A240', 'Mormo\r'),
	(888, 'A241', 'Melioidose aguda e fulminante\r'),
	(889, 'A242', 'Melioidose subaguda e crônica\r'),
	(890, 'A243', 'Outras melioidoses\r'),
	(891, 'A244', 'Melioidose não especificada\r'),
	(892, 'A250', 'Espirilose\r'),
	(893, 'A251', 'Estreptobacilose\r'),
	(894, 'A259', 'Febre transmitida por mordedura de rato\r'),
	(895, 'A260', 'Erisipelóide cutâneo\r'),
	(896, 'A267', 'Septicemia por Erysipelothrix\r'),
	(897, 'A268', 'Outras formas de erisipelóide\r'),
	(898, 'A269', 'Erisipelóide não especificado\r'),
	(899, 'A270', 'Leptopirose icterohemorrágica\r'),
	(900, 'A278', 'Outras formas de leptospirose\r'),
	(901, 'A279', 'Leptospirose não especificada\r'),
	(902, 'A280', 'Pasteurelose\r'),
	(903, 'A281', 'Doença por arranhadura do gato\r'),
	(904, 'A282', 'Yersiniose extra-intestinal\r'),
	(905, 'A288', 'Outras doenças bacterianas zoonóticas especificadas não classificadas em outra parte\r'),
	(906, 'A289', 'Doença bacteriana zoonótica não especificada\r'),
	(907, 'A300', 'Hanseníase [lepra] indeterminada\r'),
	(908, 'A301', 'Hanseníase [lepra] tuberculóide\r'),
	(909, 'A302', 'Hanseníase [lepra] tuberculóide borderline\r');
/*!40000 ALTER TABLE `doenca` ENABLE KEYS */;

-- Dumping structure for table clinica_ep.doenca_diagnostico
CREATE TABLE IF NOT EXISTS `doenca_diagnostico` (
  `cod_doenca` int(11) NOT NULL,
  `cod_diagnostico` int(11) NOT NULL,
  PRIMARY KEY (`cod_doenca`,`cod_diagnostico`),
  KEY `FK_doenca_diagnostico_diagnostico` (`cod_diagnostico`),
  CONSTRAINT `FK_doenca_diagnostico_diagnostico` FOREIGN KEY (`cod_diagnostico`) REFERENCES `diagnostico` (`cod_diagnostico`) ON DELETE CASCADE ON UPDATE CASCADE,
  CONSTRAINT `FK_doenca_diagnostico_doenca` FOREIGN KEY (`cod_doenca`) REFERENCES `doenca` (`cod_doenca`) ON UPDATE CASCADE
) ENGINE=InnoDB DEFAULT CHARSET=utf8;

-- Dumping data for table clinica_ep.doenca_diagnostico: ~21 rows (approximately)
/*!40000 ALTER TABLE `doenca_diagnostico` DISABLE KEYS */;
INSERT INTO `doenca_diagnostico` (`cod_doenca`, `cod_diagnostico`) VALUES
	(766, 10),
	(766, 11),
	(767, 10),
	(767, 14),
	(767, 16),
	(768, 16),
	(768, 18),
	(768, 19),
	(769, 10),
	(769, 14),
	(769, 15),
	(771, 18),
	(778, 17),
	(780, 17),
	(781, 11),
	(782, 15),
	(788, 11),
	(822, 15),
	(829, 15),
	(838, 1),
	(852, 1);
/*!40000 ALTER TABLE `doenca_diagnostico` ENABLE KEYS */;

-- Dumping structure for table clinica_ep.especialidade
CREATE TABLE IF NOT EXISTS `especialidade` (
  `cod_especialidade` int(11) NOT NULL AUTO_INCREMENT,
  `nome_especialidade` varchar(50) NOT NULL,
  `valor_especialidade` int(11) NOT NULL,
  PRIMARY KEY (`cod_especialidade`)
) ENGINE=InnoDB AUTO_INCREMENT=67 DEFAULT CHARSET=utf8;

-- Dumping data for table clinica_ep.especialidade: ~66 rows (approximately)
/*!40000 ALTER TABLE `especialidade` DISABLE KEYS */;
INSERT INTO `especialidade` (`cod_especialidade`, `nome_especialidade`, `valor_especialidade`) VALUES
	(1, 'MED. DA FAMILIA E COMUNIDADE', 136),
	(2, 'OTORRINOL.CABECA/PESCOCO', 90),
	(3, 'PEDIATRIA-C/FORM.CARDIOL', 155),
	(4, 'ACUPUNTURA', 113),
	(5, 'ALERGIA E IMUNOLOGI', 111),
	(6, 'ANATOMIA PATOLOGICA', 208),
	(7, 'ANESTESIOLOGIA', 115),
	(8, 'BIOMET.E PER. MEDIC', 202),
	(9, 'BRONCOESOFAGOLOGIA', 92),
	(10, 'CARDIOLOGIA', 107),
	(11, 'CIR. CARD.-PERIFERI', 127),
	(12, 'CIR. CARDIOVASC. CA', 128),
	(13, 'CIRURGIA GERAL', 128),
	(14, 'CIRURGIA PEDIATRICA', 145),
	(15, 'CIRURGIA PLASTICA', 171),
	(16, 'CIRURGIA TORAXICA', 209),
	(17, 'CIRURGIA VASCULAR', 159),
	(18, 'CITOLOGIA', 203),
	(19, 'CITOPATOLOGIA', 105),
	(20, 'CL. MED. QUEIMADOS', 128),
	(21, 'CLINICA MEDICA', 173),
	(22, 'DERMATOLOGIA', 151),
	(23, 'ELETROMIOGRAFIA', 148),
	(24, 'ENDOCRINOLOGIA', 117),
	(25, 'GASTROENTEROLOGIA', 150),
	(26, 'GENERALISTA', 167),
	(27, 'GENETICA CLINICA', 158),
	(28, 'GERIATRIA', 136),
	(29, 'GINECO.E OBSTETRICI', 100),
	(30, 'HEMATOLOGIA', 144),
	(31, 'HEMOTERAPIA', 206),
	(32, 'HOMEOPATIA', 146),
	(33, 'MASTOLOGIA', 102),
	(34, 'MED. FIS. E REABILI', 142),
	(35, 'MEDICINA DO TRABALH', 218),
	(36, 'MEDICINA NUCLEAR', 90),
	(37, 'NEFROLOGIA', 129),
	(38, 'NEONATOLOGIA', 207),
	(39, 'NEUROCIRURGIA', 212),
	(40, 'NEUROLOGIA', 212),
	(41, 'OFTALMOLOGIA', 192),
	(42, 'ONCOLOGIA CLINICA', 173),
	(43, 'ORT. E TRAUMATOLOGI', 102),
	(44, 'OTORRINOLARINGOLOGI', 219),
	(45, 'PATOLOGIA CLINICA', 117),
	(46, 'PEDIATRA', 140),
	(47, 'PEDIATRIA', 118),
	(48, 'PNEUMOLOGIA', 161),
	(49, 'PROCTOLOGIA', 221),
	(50, 'PSIQUIATRIA', 172),
	(51, 'RADIOLOGISTA', 186),
	(52, 'RADIOTERAPIA', 182),
	(53, 'REUMATOLOGIA', 124),
	(54, 'SANITARISTA', 142),
	(55, 'TER. INT. PEDIATRIC', 151),
	(56, 'TERAPIA INT. ADULTO', 119),
	(57, 'TERAPIA INT.ADULTO', 131),
	(58, 'TISIOLOGIA', 149),
	(59, 'UROLOGIA', 163),
	(60, 'CIRURGIA VASC. PERIF.', 158),
	(61, 'RADIOLOGISTA', 147),
	(62, 'CIR.CABECA E PESCOCO', 155),
	(63, 'CIRURGIA ONCOLOGICA', 165),
	(64, 'COLOPROCTOLOGISTA', 148),
	(65, 'INFECTOLOGISTA', 93),
	(66, 'NEUROLOGIA PEDIATRICA', 133);
/*!40000 ALTER TABLE `especialidade` ENABLE KEYS */;

-- Dumping structure for table clinica_ep.funcionario
CREATE TABLE IF NOT EXISTS `funcionario` (
  `cod_funcionario` int(11) NOT NULL AUTO_INCREMENT,
  `nome_funcionario` varchar(50) NOT NULL,
  PRIMARY KEY (`cod_funcionario`)
) ENGINE=InnoDB AUTO_INCREMENT=36 DEFAULT CHARSET=utf8;

-- Dumping data for table clinica_ep.funcionario: ~13 rows (approximately)
/*!40000 ALTER TABLE `funcionario` DISABLE KEYS */;
INSERT INTO `funcionario` (`cod_funcionario`, `nome_funcionario`) VALUES
	(2, 'Cassio Fernan'),
	(21, 'João Pereira da Silva'),
	(22, 'Orlando Freitas'),
	(23, 'Francisca Coimbra'),
	(24, 'Jonas Garcia'),
	(26, 'José Perez'),
	(27, 'Daniel Kabata'),
	(28, 'Kimberly Dias'),
	(29, 'Michel Santos'),
	(32, 'Gabriella Gomes Souza'),
	(33, 'Mariano Gomes'),
	(34, 'Juliano Machado'),
	(35, 'Thiago Freitas');
/*!40000 ALTER TABLE `funcionario` ENABLE KEYS */;

-- Dumping structure for table clinica_ep.medico
CREATE TABLE IF NOT EXISTS `medico` (
  `cod_funcionario` int(11) NOT NULL,
  `crm_medico` varchar(50) NOT NULL,
  `horario_entrada_medico` time NOT NULL DEFAULT '09:00:00',
  `horario_saida_medico` time DEFAULT '18:00:00',
  `dia_folga_medico` tinyint(4) DEFAULT '7',
  `cod_diretor` int(11) NOT NULL,
  `comissao_medico` int(11) NOT NULL,
  PRIMARY KEY (`cod_funcionario`),
  KEY `FK_medico_diretor` (`cod_diretor`),
  CONSTRAINT `FK_medico_diretor` FOREIGN KEY (`cod_diretor`) REFERENCES `diretor` (`cod_funcionario`) ON UPDATE CASCADE,
  CONSTRAINT `FK_medico_funcionario` FOREIGN KEY (`cod_funcionario`) REFERENCES `funcionario` (`cod_funcionario`) ON DELETE CASCADE ON UPDATE CASCADE
) ENGINE=InnoDB DEFAULT CHARSET=utf8;

-- Dumping data for table clinica_ep.medico: ~11 rows (approximately)
/*!40000 ALTER TABLE `medico` DISABLE KEYS */;
INSERT INTO `medico` (`cod_funcionario`, `crm_medico`, `horario_entrada_medico`, `horario_saida_medico`, `dia_folga_medico`, `cod_diretor`, `comissao_medico`) VALUES
	(21, '456787', '09:00:00', '19:00:00', 5, 2, 80),
	(22, '654961', '09:00:00', '19:00:00', 6, 2, 100),
	(23, '623173', '09:00:00', '19:00:00', 1, 2, 80),
	(24, '875468', '01:00:00', '23:00:00', 5, 2, 100),
	(26, '923453', '09:00:00', '19:00:00', 6, 2, 75),
	(27, '648582', '10:00:00', '21:00:00', 4, 2, 90),
	(29, '546451', '15:00:00', '23:00:00', 3, 28, 80),
	(32, '123484', '06:00:00', '20:00:00', 0, 2, 100),
	(33, '465841', '10:00:00', '16:00:00', 4, 28, 83),
	(34, '897565', '06:00:00', '16:00:00', 0, 2, 90),
	(35, '964169', '09:00:00', '21:00:00', 0, 2, 50);
/*!40000 ALTER TABLE `medico` ENABLE KEYS */;

-- Dumping structure for table clinica_ep.medico_especialidade
CREATE TABLE IF NOT EXISTS `medico_especialidade` (
  `cod_funcionario` int(11) NOT NULL,
  `cod_especialidade` int(11) NOT NULL,
  PRIMARY KEY (`cod_funcionario`,`cod_especialidade`),
  KEY `FK_medico_especialidade_especialidade` (`cod_especialidade`),
  CONSTRAINT `FK_medico_especialidade_especialidade` FOREIGN KEY (`cod_especialidade`) REFERENCES `especialidade` (`cod_especialidade`) ON UPDATE CASCADE,
  CONSTRAINT `FK_medico_especialidade_medico` FOREIGN KEY (`cod_funcionario`) REFERENCES `medico` (`cod_funcionario`) ON DELETE CASCADE ON UPDATE CASCADE
) ENGINE=InnoDB DEFAULT CHARSET=utf8;

-- Dumping data for table clinica_ep.medico_especialidade: ~30 rows (approximately)
/*!40000 ALTER TABLE `medico_especialidade` DISABLE KEYS */;
INSERT INTO `medico_especialidade` (`cod_funcionario`, `cod_especialidade`) VALUES
	(21, 4),
	(21, 14),
	(21, 37),
	(21, 42),
	(22, 2),
	(22, 4),
	(22, 5),
	(22, 29),
	(22, 31),
	(23, 1),
	(23, 2),
	(23, 4),
	(24, 1),
	(24, 54),
	(26, 1),
	(26, 2),
	(26, 3),
	(26, 4),
	(26, 6),
	(27, 16),
	(27, 19),
	(27, 20),
	(29, 1),
	(32, 1),
	(33, 61),
	(33, 62),
	(33, 63),
	(33, 66),
	(34, 1),
	(35, 3);
/*!40000 ALTER TABLE `medico_especialidade` ENABLE KEYS */;

-- Dumping structure for table clinica_ep.paciente
CREATE TABLE IF NOT EXISTS `paciente` (
  `cod_cliente` int(11) NOT NULL,
  `cpf_paciente` varchar(50) NOT NULL,
  `data_nasc_paciente` date NOT NULL,
  `sexo_paciente` char(1) NOT NULL,
  `email_paciente` varchar(1000) NOT NULL,
  PRIMARY KEY (`cod_cliente`),
  CONSTRAINT `FK_paciente_cliente` FOREIGN KEY (`cod_cliente`) REFERENCES `cliente` (`cod_cliente`) ON DELETE CASCADE ON UPDATE CASCADE
) ENGINE=InnoDB DEFAULT CHARSET=utf8;

-- Dumping data for table clinica_ep.paciente: ~5 rows (approximately)
/*!40000 ALTER TABLE `paciente` DISABLE KEYS */;
INSERT INTO `paciente` (`cod_cliente`, `cpf_paciente`, `data_nasc_paciente`, `sexo_paciente`, `email_paciente`) VALUES
	(10, '05674343977', '1994-08-27', 'M', 'mp-pinheiro@hotmail.com'),
	(12, '98765432155', '2020-12-27', 'M', 'place_holder@mail.com'),
	(13, '12312312312', '1015-12-12', 'M', 'marcos@email.com'),
	(14, '00000000000', '1964-12-12', 'F', 'eliseiaa@gmail.com'),
	(15, '45646546546', '2018-09-12', 'M', 'mp-pinheiro@hotmail.com'),
	(17, '98646546843', '1987-09-08', 'F', 'erica.damato@gmail.com');
/*!40000 ALTER TABLE `paciente` ENABLE KEYS */;

-- Dumping structure for table clinica_ep.paciente_doenca
CREATE TABLE IF NOT EXISTS `paciente_doenca` (
  `cod_cliente` int(11) NOT NULL,
  `cod_doenca` int(11) NOT NULL,
  PRIMARY KEY (`cod_cliente`,`cod_doenca`),
  KEY `FK_paciente_doenca_doenca` (`cod_doenca`),
  CONSTRAINT `FK_paciente_doenca_doenca` FOREIGN KEY (`cod_doenca`) REFERENCES `doenca` (`cod_doenca`),
  CONSTRAINT `FK_paciente_doenca_paciente` FOREIGN KEY (`cod_cliente`) REFERENCES `paciente` (`cod_cliente`)
) ENGINE=InnoDB DEFAULT CHARSET=utf8;

-- Dumping data for table clinica_ep.paciente_doenca: ~0 rows (approximately)
/*!40000 ALTER TABLE `paciente_doenca` DISABLE KEYS */;
/*!40000 ALTER TABLE `paciente_doenca` ENABLE KEYS */;

-- Dumping structure for table clinica_ep.pagamento
CREATE TABLE IF NOT EXISTS `pagamento` (
  `cod_consulta` int(11) NOT NULL,
  `valor_pagamento` int(11) NOT NULL,
  `tipo_pagamento` int(11) NOT NULL,
  `status_pagamento` tinyint(4) NOT NULL,
  PRIMARY KEY (`cod_consulta`),
  CONSTRAINT `FK_pagamento_consulta` FOREIGN KEY (`cod_consulta`) REFERENCES `consulta` (`cod_consulta`)
) ENGINE=InnoDB DEFAULT CHARSET=utf8;

-- Dumping data for table clinica_ep.pagamento: ~10 rows (approximately)
/*!40000 ALTER TABLE `pagamento` DISABLE KEYS */;
INSERT INTO `pagamento` (`cod_consulta`, `valor_pagamento`, `tipo_pagamento`, `status_pagamento`) VALUES
	(5, 11, 0, 1),
	(6, 71, 0, 1),
	(7, 89, 0, 1),
	(8, 83, 0, 1),
	(9, 12, 0, 1),
	(10, 81, 0, 1),
	(11, 8, 0, 1),
	(12, 11, 0, 0),
	(13, 89, 0, 0),
	(14, 89, 0, 0),
	(15, 71, 0, 1);
/*!40000 ALTER TABLE `pagamento` ENABLE KEYS */;

-- Dumping structure for table clinica_ep.taxa
CREATE TABLE IF NOT EXISTS `taxa` (
  `cod_especialidade` int(11) NOT NULL,
  `mes_taxa` int(11) NOT NULL,
  `valor_mes_taxa` int(11) NOT NULL,
  PRIMARY KEY (`mes_taxa`,`cod_especialidade`),
  KEY `FK_taxa_especialidade` (`cod_especialidade`),
  CONSTRAINT `FK_taxa_especialidade` FOREIGN KEY (`cod_especialidade`) REFERENCES `especialidade` (`cod_especialidade`)
) ENGINE=InnoDB DEFAULT CHARSET=utf8;

-- Dumping data for table clinica_ep.taxa: ~792 rows (approximately)
/*!40000 ALTER TABLE `taxa` DISABLE KEYS */;
INSERT INTO `taxa` (`cod_especialidade`, `mes_taxa`, `valor_mes_taxa`) VALUES
	(1, 1, 85),
	(2, 1, 93),
	(3, 1, 70),
	(4, 1, 91),
	(5, 1, 72),
	(6, 1, 75),
	(7, 1, 86),
	(8, 1, 80),
	(9, 1, 81),
	(10, 1, 86),
	(11, 1, 79),
	(12, 1, 87),
	(13, 1, 82),
	(14, 1, 77),
	(15, 1, 93),
	(16, 1, 70),
	(17, 1, 77),
	(18, 1, 82),
	(19, 1, 80),
	(20, 1, 77),
	(21, 1, 77),
	(22, 1, 82),
	(23, 1, 79),
	(24, 1, 82),
	(25, 1, 92),
	(26, 1, 73),
	(27, 1, 77),
	(28, 1, 77),
	(29, 1, 87),
	(30, 1, 91),
	(31, 1, 91),
	(32, 1, 73),
	(33, 1, 73),
	(34, 1, 71),
	(35, 1, 82),
	(36, 1, 75),
	(37, 1, 81),
	(38, 1, 73),
	(39, 1, 85),
	(40, 1, 70),
	(41, 1, 77),
	(42, 1, 70),
	(43, 1, 80),
	(44, 1, 74),
	(45, 1, 73),
	(46, 1, 74),
	(47, 1, 74),
	(48, 1, 70),
	(49, 1, 89),
	(50, 1, 78),
	(51, 1, 93),
	(52, 1, 94),
	(53, 1, 91),
	(54, 1, 85),
	(55, 1, 93),
	(56, 1, 74),
	(57, 1, 86),
	(58, 1, 87),
	(59, 1, 90),
	(60, 1, 76),
	(61, 1, 84),
	(62, 1, 76),
	(63, 1, 75),
	(64, 1, 71),
	(65, 1, 73),
	(66, 1, 76),
	(1, 2, 87),
	(2, 2, 88),
	(3, 2, 93),
	(4, 2, 79),
	(5, 2, 91),
	(6, 2, 93),
	(7, 2, 82),
	(8, 2, 74),
	(9, 2, 74),
	(10, 2, 94),
	(11, 2, 78),
	(12, 2, 86),
	(13, 2, 92),
	(14, 2, 86),
	(15, 2, 72),
	(16, 2, 71),
	(17, 2, 78),
	(18, 2, 75),
	(19, 2, 93),
	(20, 2, 71),
	(21, 2, 88),
	(22, 2, 70),
	(23, 2, 73),
	(24, 2, 81),
	(25, 2, 76),
	(26, 2, 80),
	(27, 2, 84),
	(28, 2, 77),
	(29, 2, 75),
	(30, 2, 87),
	(31, 2, 83),
	(32, 2, 81),
	(33, 2, 94),
	(34, 2, 94),
	(35, 2, 86),
	(36, 2, 72),
	(37, 2, 73),
	(38, 2, 80),
	(39, 2, 74),
	(40, 2, 73),
	(41, 2, 92),
	(42, 2, 94),
	(43, 2, 75),
	(44, 2, 92),
	(45, 2, 76),
	(46, 2, 84),
	(47, 2, 74),
	(48, 2, 79),
	(49, 2, 87),
	(50, 2, 92),
	(51, 2, 87),
	(52, 2, 71),
	(53, 2, 91),
	(54, 2, 79),
	(55, 2, 74),
	(56, 2, 79),
	(57, 2, 75),
	(58, 2, 87),
	(59, 2, 85),
	(60, 2, 92),
	(61, 2, 87),
	(62, 2, 86),
	(63, 2, 90),
	(64, 2, 88),
	(65, 2, 90),
	(66, 2, 71),
	(1, 3, 81),
	(2, 3, 73),
	(3, 3, 94),
	(4, 3, 77),
	(5, 3, 87),
	(6, 3, 80),
	(7, 3, 94),
	(8, 3, 81),
	(9, 3, 89),
	(10, 3, 90),
	(11, 3, 93),
	(12, 3, 70),
	(13, 3, 94),
	(14, 3, 70),
	(15, 3, 79),
	(16, 3, 83),
	(17, 3, 71),
	(18, 3, 76),
	(19, 3, 76),
	(20, 3, 90),
	(21, 3, 86),
	(22, 3, 79),
	(23, 3, 91),
	(24, 3, 83),
	(25, 3, 72),
	(26, 3, 79),
	(27, 3, 76),
	(28, 3, 78),
	(29, 3, 87),
	(30, 3, 85),
	(31, 3, 92),
	(32, 3, 71),
	(33, 3, 80),
	(34, 3, 82),
	(35, 3, 74),
	(36, 3, 84),
	(37, 3, 73),
	(38, 3, 84),
	(39, 3, 75),
	(40, 3, 80),
	(41, 3, 80),
	(42, 3, 83),
	(43, 3, 73),
	(44, 3, 78),
	(45, 3, 86),
	(46, 3, 85),
	(47, 3, 92),
	(48, 3, 86),
	(49, 3, 93),
	(50, 3, 93),
	(51, 3, 76),
	(52, 3, 82),
	(53, 3, 74),
	(54, 3, 93),
	(55, 3, 79),
	(56, 3, 87),
	(57, 3, 74),
	(58, 3, 93),
	(59, 3, 81),
	(60, 3, 87),
	(61, 3, 74),
	(62, 3, 80),
	(63, 3, 79),
	(64, 3, 88),
	(65, 3, 70),
	(66, 3, 80),
	(1, 4, 81),
	(2, 4, 71),
	(3, 4, 77),
	(4, 4, 71),
	(5, 4, 79),
	(6, 4, 84),
	(7, 4, 89),
	(8, 4, 92),
	(9, 4, 81),
	(10, 4, 91),
	(11, 4, 73),
	(12, 4, 80),
	(13, 4, 79),
	(14, 4, 94),
	(15, 4, 82),
	(16, 4, 77),
	(17, 4, 90),
	(18, 4, 77),
	(19, 4, 81),
	(20, 4, 73),
	(21, 4, 89),
	(22, 4, 75),
	(23, 4, 75),
	(24, 4, 78),
	(25, 4, 93),
	(26, 4, 89),
	(27, 4, 78),
	(28, 4, 84),
	(29, 4, 91),
	(30, 4, 85),
	(31, 4, 87),
	(32, 4, 81),
	(33, 4, 93),
	(34, 4, 76),
	(35, 4, 80),
	(36, 4, 74),
	(37, 4, 80),
	(38, 4, 75),
	(39, 4, 86),
	(40, 4, 90),
	(41, 4, 88),
	(42, 4, 82),
	(43, 4, 93),
	(44, 4, 70),
	(45, 4, 83),
	(46, 4, 74),
	(47, 4, 75),
	(48, 4, 91),
	(49, 4, 79),
	(50, 4, 71),
	(51, 4, 82),
	(52, 4, 73),
	(53, 4, 81),
	(54, 4, 94),
	(55, 4, 70),
	(56, 4, 76),
	(57, 4, 70),
	(58, 4, 90),
	(59, 4, 76),
	(60, 4, 73),
	(61, 4, 72),
	(62, 4, 76),
	(63, 4, 79),
	(64, 4, 75),
	(65, 4, 92),
	(66, 4, 78),
	(1, 5, 74),
	(2, 5, 85),
	(3, 5, 86),
	(4, 5, 74),
	(5, 5, 75),
	(6, 5, 76),
	(7, 5, 80),
	(8, 5, 91),
	(9, 5, 89),
	(10, 5, 86),
	(11, 5, 76),
	(12, 5, 71),
	(13, 5, 77),
	(14, 5, 85),
	(15, 5, 82),
	(16, 5, 70),
	(17, 5, 79),
	(18, 5, 84),
	(19, 5, 76),
	(20, 5, 77),
	(21, 5, 91),
	(22, 5, 77),
	(23, 5, 80),
	(24, 5, 94),
	(25, 5, 94),
	(26, 5, 82),
	(27, 5, 70),
	(28, 5, 73),
	(29, 5, 70),
	(30, 5, 73),
	(31, 5, 89),
	(32, 5, 73),
	(33, 5, 85),
	(34, 5, 77),
	(35, 5, 72),
	(36, 5, 76),
	(37, 5, 80),
	(38, 5, 89),
	(39, 5, 71),
	(40, 5, 70),
	(41, 5, 76),
	(42, 5, 76),
	(43, 5, 82),
	(44, 5, 87),
	(45, 5, 87),
	(46, 5, 93),
	(47, 5, 85),
	(48, 5, 87),
	(49, 5, 94),
	(50, 5, 85),
	(51, 5, 73),
	(52, 5, 87),
	(53, 5, 82),
	(54, 5, 73),
	(55, 5, 71),
	(56, 5, 79),
	(57, 5, 93),
	(58, 5, 93),
	(59, 5, 79),
	(60, 5, 70),
	(61, 5, 90),
	(62, 5, 91),
	(63, 5, 86),
	(64, 5, 87),
	(65, 5, 75),
	(66, 5, 78),
	(1, 6, 72),
	(2, 6, 81),
	(3, 6, 81),
	(4, 6, 77),
	(5, 6, 80),
	(6, 6, 89),
	(7, 6, 89),
	(8, 6, 81),
	(9, 6, 83),
	(10, 6, 76),
	(11, 6, 94),
	(12, 6, 81),
	(13, 6, 78),
	(14, 6, 90),
	(15, 6, 76),
	(16, 6, 85),
	(17, 6, 79),
	(18, 6, 79),
	(19, 6, 86),
	(20, 6, 83),
	(21, 6, 75),
	(22, 6, 85),
	(23, 6, 89),
	(24, 6, 80),
	(25, 6, 92),
	(26, 6, 74),
	(27, 6, 91),
	(28, 6, 94),
	(29, 6, 79),
	(30, 6, 82),
	(31, 6, 73),
	(32, 6, 83),
	(33, 6, 77),
	(34, 6, 77),
	(35, 6, 78),
	(36, 6, 73),
	(37, 6, 85),
	(38, 6, 80),
	(39, 6, 92),
	(40, 6, 85),
	(41, 6, 89),
	(42, 6, 93),
	(43, 6, 84),
	(44, 6, 92),
	(45, 6, 81),
	(46, 6, 92),
	(47, 6, 70),
	(48, 6, 72),
	(49, 6, 93),
	(50, 6, 75),
	(51, 6, 75),
	(52, 6, 89),
	(53, 6, 71),
	(54, 6, 84),
	(55, 6, 70),
	(56, 6, 78),
	(57, 6, 81),
	(58, 6, 89),
	(59, 6, 86),
	(60, 6, 84),
	(61, 6, 78),
	(62, 6, 80),
	(63, 6, 75),
	(64, 6, 83),
	(65, 6, 94),
	(66, 6, 71),
	(1, 7, 75),
	(2, 7, 91),
	(3, 7, 83),
	(4, 7, 83),
	(5, 7, 74),
	(6, 7, 83),
	(7, 7, 88),
	(8, 7, 75),
	(9, 7, 76),
	(10, 7, 87),
	(11, 7, 91),
	(12, 7, 81),
	(13, 7, 78),
	(14, 7, 72),
	(15, 7, 84),
	(16, 7, 73),
	(17, 7, 79),
	(18, 7, 86),
	(19, 7, 81),
	(20, 7, 92),
	(21, 7, 72),
	(22, 7, 85),
	(23, 7, 92),
	(24, 7, 94),
	(25, 7, 80),
	(26, 7, 71),
	(27, 7, 85),
	(28, 7, 85),
	(29, 7, 84),
	(30, 7, 78),
	(31, 7, 90),
	(32, 7, 79),
	(33, 7, 77),
	(34, 7, 82),
	(35, 7, 74),
	(36, 7, 93),
	(37, 7, 94),
	(38, 7, 94),
	(39, 7, 91),
	(40, 7, 80),
	(41, 7, 84),
	(42, 7, 71),
	(43, 7, 89),
	(44, 7, 89),
	(45, 7, 88),
	(46, 7, 93),
	(47, 7, 85),
	(48, 7, 75),
	(49, 7, 94),
	(50, 7, 78),
	(51, 7, 89),
	(52, 7, 88),
	(53, 7, 86),
	(54, 7, 78),
	(55, 7, 72),
	(56, 7, 75),
	(57, 7, 71),
	(58, 7, 72),
	(59, 7, 91),
	(60, 7, 71),
	(61, 7, 70),
	(62, 7, 74),
	(63, 7, 89),
	(64, 7, 71),
	(65, 7, 71),
	(66, 7, 90),
	(1, 8, 77),
	(2, 8, 82),
	(3, 8, 78),
	(4, 8, 72),
	(5, 8, 89),
	(6, 8, 74),
	(7, 8, 91),
	(8, 8, 70),
	(9, 8, 78),
	(10, 8, 70),
	(11, 8, 89),
	(12, 8, 79),
	(13, 8, 92),
	(14, 8, 75),
	(15, 8, 75),
	(16, 8, 86),
	(17, 8, 78),
	(18, 8, 77),
	(19, 8, 81),
	(20, 8, 83),
	(21, 8, 84),
	(22, 8, 84),
	(23, 8, 73),
	(24, 8, 73),
	(25, 8, 80),
	(26, 8, 90),
	(27, 8, 80),
	(28, 8, 92),
	(29, 8, 77),
	(30, 8, 75),
	(31, 8, 86),
	(32, 8, 86),
	(33, 8, 92),
	(34, 8, 90),
	(35, 8, 78),
	(36, 8, 72),
	(37, 8, 86),
	(38, 8, 84),
	(39, 8, 80),
	(40, 8, 77),
	(41, 8, 80),
	(42, 8, 94),
	(43, 8, 90),
	(44, 8, 76),
	(45, 8, 77),
	(46, 8, 89),
	(47, 8, 88),
	(48, 8, 88),
	(49, 8, 84),
	(50, 8, 71),
	(51, 8, 83),
	(52, 8, 74),
	(53, 8, 71),
	(54, 8, 87),
	(55, 8, 89),
	(56, 8, 90),
	(57, 8, 84),
	(58, 8, 73),
	(59, 8, 86),
	(60, 8, 71),
	(61, 8, 78),
	(62, 8, 93),
	(63, 8, 94),
	(64, 8, 81),
	(65, 8, 78),
	(66, 8, 94),
	(1, 9, 94),
	(2, 9, 76),
	(3, 9, 85),
	(4, 9, 83),
	(5, 9, 76),
	(6, 9, 94),
	(7, 9, 72),
	(8, 9, 77),
	(9, 9, 85),
	(10, 9, 81),
	(11, 9, 79),
	(12, 9, 72),
	(13, 9, 91),
	(14, 9, 93),
	(15, 9, 85),
	(16, 9, 70),
	(17, 9, 84),
	(18, 9, 94),
	(19, 9, 94),
	(20, 9, 90),
	(21, 9, 72),
	(22, 9, 76),
	(23, 9, 88),
	(24, 9, 71),
	(25, 9, 70),
	(26, 9, 91),
	(27, 9, 83),
	(28, 9, 80),
	(29, 9, 78),
	(30, 9, 88),
	(31, 9, 90),
	(32, 9, 92),
	(33, 9, 89),
	(34, 9, 84),
	(35, 9, 93),
	(36, 9, 94),
	(37, 9, 90),
	(38, 9, 89),
	(39, 9, 86),
	(40, 9, 78),
	(41, 9, 81),
	(42, 9, 85),
	(43, 9, 73),
	(44, 9, 84),
	(45, 9, 93),
	(46, 9, 83),
	(47, 9, 71),
	(48, 9, 82),
	(49, 9, 78),
	(50, 9, 70),
	(51, 9, 88),
	(52, 9, 84),
	(53, 9, 83),
	(54, 9, 71),
	(55, 9, 94),
	(56, 9, 75),
	(57, 9, 88),
	(58, 9, 90),
	(59, 9, 85),
	(60, 9, 94),
	(61, 9, 93),
	(62, 9, 88),
	(63, 9, 90),
	(64, 9, 75),
	(65, 9, 78),
	(66, 9, 94),
	(1, 10, 86),
	(2, 10, 72),
	(3, 10, 92),
	(4, 10, 74),
	(5, 10, 85),
	(6, 10, 84),
	(7, 10, 88),
	(8, 10, 85),
	(9, 10, 75),
	(10, 10, 92),
	(11, 10, 74),
	(12, 10, 88),
	(13, 10, 81),
	(14, 10, 87),
	(15, 10, 93),
	(16, 10, 89),
	(17, 10, 85),
	(18, 10, 78),
	(19, 10, 87),
	(20, 10, 80),
	(21, 10, 78),
	(22, 10, 73),
	(23, 10, 75),
	(24, 10, 87),
	(25, 10, 73),
	(26, 10, 75),
	(27, 10, 90),
	(28, 10, 78),
	(29, 10, 78),
	(30, 10, 92),
	(31, 10, 94),
	(32, 10, 81),
	(33, 10, 77),
	(34, 10, 82),
	(35, 10, 73),
	(36, 10, 78),
	(37, 10, 84),
	(38, 10, 93),
	(39, 10, 87),
	(40, 10, 81),
	(41, 10, 85),
	(42, 10, 92),
	(43, 10, 85),
	(44, 10, 85),
	(45, 10, 94),
	(46, 10, 79),
	(47, 10, 92),
	(48, 10, 80),
	(49, 10, 86),
	(50, 10, 82),
	(51, 10, 71),
	(52, 10, 77),
	(53, 10, 90),
	(54, 10, 89),
	(55, 10, 75),
	(56, 10, 79),
	(57, 10, 90),
	(58, 10, 87),
	(59, 10, 89),
	(60, 10, 80),
	(61, 10, 81),
	(62, 10, 88),
	(63, 10, 78),
	(64, 10, 80),
	(65, 10, 90),
	(66, 10, 79),
	(1, 11, 76),
	(2, 11, 75),
	(3, 11, 77),
	(4, 11, 94),
	(5, 11, 72),
	(6, 11, 93),
	(7, 11, 83),
	(8, 11, 71),
	(9, 11, 84),
	(10, 11, 79),
	(11, 11, 81),
	(12, 11, 83),
	(13, 11, 81),
	(14, 11, 94),
	(15, 11, 77),
	(16, 11, 88),
	(17, 11, 79),
	(18, 11, 80),
	(19, 11, 74),
	(20, 11, 73),
	(21, 11, 70),
	(22, 11, 87),
	(23, 11, 73),
	(24, 11, 83),
	(25, 11, 90),
	(26, 11, 79),
	(27, 11, 73),
	(28, 11, 81),
	(29, 11, 83),
	(30, 11, 81),
	(31, 11, 78),
	(32, 11, 86),
	(33, 11, 81),
	(34, 11, 86),
	(35, 11, 70),
	(36, 11, 88),
	(37, 11, 94),
	(38, 11, 87),
	(39, 11, 72),
	(40, 11, 90),
	(41, 11, 84),
	(42, 11, 86),
	(43, 11, 89),
	(44, 11, 86),
	(45, 11, 70),
	(46, 11, 89),
	(47, 11, 91),
	(48, 11, 84),
	(49, 11, 78),
	(50, 11, 84),
	(51, 11, 81),
	(52, 11, 89),
	(53, 11, 94),
	(54, 11, 86),
	(55, 11, 94),
	(56, 11, 94),
	(57, 11, 88),
	(58, 11, 92),
	(59, 11, 77),
	(60, 11, 73),
	(61, 11, 71),
	(62, 11, 70),
	(63, 11, 90),
	(64, 11, 84),
	(65, 11, 88),
	(66, 11, 89),
	(1, 12, 82),
	(2, 12, 84),
	(3, 12, 77),
	(4, 12, 79),
	(5, 12, 75),
	(6, 12, 85),
	(7, 12, 91),
	(8, 12, 92),
	(9, 12, 73),
	(10, 12, 92),
	(11, 12, 94),
	(12, 12, 77),
	(13, 12, 83),
	(14, 12, 76),
	(15, 12, 94),
	(16, 12, 78),
	(17, 12, 86),
	(18, 12, 88),
	(19, 12, 71),
	(20, 12, 70),
	(21, 12, 74),
	(22, 12, 91),
	(23, 12, 85),
	(24, 12, 85),
	(25, 12, 72),
	(26, 12, 70),
	(27, 12, 81),
	(28, 12, 89),
	(29, 12, 74),
	(30, 12, 85),
	(31, 12, 73),
	(32, 12, 86),
	(33, 12, 88),
	(34, 12, 86),
	(35, 12, 77),
	(36, 12, 83),
	(37, 12, 80),
	(38, 12, 78),
	(39, 12, 78),
	(40, 12, 86),
	(41, 12, 86),
	(42, 12, 91),
	(43, 12, 84),
	(44, 12, 75),
	(45, 12, 85),
	(46, 12, 92),
	(47, 12, 71),
	(48, 12, 88),
	(49, 12, 87),
	(50, 12, 71),
	(51, 12, 73),
	(52, 12, 93),
	(53, 12, 89),
	(54, 12, 80),
	(55, 12, 75),
	(56, 12, 79),
	(57, 12, 88),
	(58, 12, 75),
	(59, 12, 85),
	(60, 12, 74),
	(61, 12, 94),
	(62, 12, 75),
	(63, 12, 88),
	(64, 12, 79),
	(65, 12, 85),
	(66, 12, 94);
/*!40000 ALTER TABLE `taxa` ENABLE KEYS */;

/*!40101 SET SQL_MODE=IFNULL(@OLD_SQL_MODE, '') */;
/*!40014 SET FOREIGN_KEY_CHECKS=IF(@OLD_FOREIGN_KEY_CHECKS IS NULL, 1, @OLD_FOREIGN_KEY_CHECKS) */;
/*!40101 SET CHARACTER_SET_CLIENT=@OLD_CHARACTER_SET_CLIENT */;
